method,accuracy_mean
MFM1,0.6474322344322344
MFM2,0.6474322344322344
MFM4,0.6474322344322344
MSF3,0.6468030118030118
MSF1,0.6468030118030118
MSF2,0.6468030118030118
MSF4,0.6468030118030118
MSF5,0.6468030118030118
MSF7,0.6468030118030118
MSF6,0.6466768416768416
SAM2,0.6294314204314204
RANDOM,0.6167199837199837
FE4,0.6131249491249491
SAM4,0.6118909238909238
FE2,0.6118909238909238
FE3,0.5903264143264143
SAM5,0.5903264143264143
